template_id,template_name,post_image
clouds,سحاب,public/assets/instagram/clouds.jpg
moon,قمر,public/assets/instagram/moon.jpg
qabda,قِبضة,public/assets/instagram/qabda.jpg
balloons,بالونات,public/assets/instagram/balloons.jpg
cake,الكيكة,public/assets/instagram/cake.jpg
confetti,احتفال,public/assets/instagram/confetti.jpg
neon,نيون,public/assets/instagram/neon.jpg
teddy,دباديب,public/assets/instagram/teddy.jpg
wedding,قالب زفاف,public/assets/instagram/wedding.jpg
simple-invide-merrage,دعوة زفاف بسيطة,public/assets/instagram/simple-invide-merrage.jpg
wedding-temp-2,ثريّا,public/assets/instagram/wedding-temp-2.jpg
wedding-temp-ethereal,Ethereal,public/assets/instagram/wedding-temp-ethereal.jpg
wedding-temp-bab,باب الفرح,public/assets/instagram/wedding-temp-bab.jpg
wedding-temp-disney,ديزني,public/assets/instagram/wedding-temp-disney.jpg
wedding-temp-dove,الحمام,public/assets/instagram/wedding-temp-dove.jpg
wedding-temp-garden,الحديقة,public/assets/instagram/wedding-temp-garden.jpg
wedding-temp-laylat-hana,ليلة الحنّة,public/assets/instagram/wedding-temp-laylat-hana.jpg
wedding-temp-qasr,قَصر,public/assets/instagram/wedding-temp-qasr.jpg
wedding-temp-letter,رسالة,public/assets/instagram/wedding-temp-letter.jpg
wedding-temp-reverie,حُلم وردي,public/assets/instagram/wedding-temp-reverie.jpg
wedding-temp-ring,الخاتم,public/assets/instagram/wedding-temp-ring.jpg
wedding-temp-rozana,روزنة,public/assets/instagram/wedding-temp-rozana.jpg
wedding-temp-starlit,تحت النجوم,public/assets/instagram/wedding-temp-starlit.jpg
wedding-temp-dovess,حمام أبيض,public/assets/instagram/wedding-temp-dovess.jpg
wedding-temp-swans,بحيرة البجع,public/assets/instagram/wedding-temp-swans.jpg
wedding-temp-blush,وردة,public/assets/instagram/wedding-temp-blush.jpg
wedding-temp-surprise,المفاجأة,public/assets/instagram/wedding-temp-surprise.jpg
wedding-temp-royal,الملكي,public/assets/instagram/wedding-temp-royal.jpg
wedding-temp-bahira,بحيرة,public/assets/instagram/wedding-temp-bahira.jpg
wedding-temp-storybook,كتاب الحكاية,public/assets/instagram/wedding-temp-storybook.jpg
wedding-temp-vangogh,ليلة النجوم,public/assets/instagram/wedding-temp-vangogh.jpg
wedding-temp-ivory-palace,قصر العاج,public/assets/instagram/wedding-temp-ivory-palace.jpg
wedding-temp-rosegold,وردي ذهبي,public/assets/instagram/wedding-temp-rosegold.jpg
wedding-temp-wisal,وِصال,public/assets/instagram/wedding-temp-wisal.jpg
