template_id,template_name,video
clouds,سحاب,public/assets/instagram/videos/clouds.mp4
moon,قمر,public/assets/instagram/videos/moon.mp4
qabda,قِبضة,public/assets/instagram/videos/qabda.mp4
balloons,بالونات,public/assets/instagram/videos/balloons.mp4
cake,الكيكة,public/assets/instagram/videos/cake.mp4
confetti,احتفال,public/assets/instagram/videos/confetti.mp4
neon,نيون,public/assets/instagram/videos/neon.mp4
teddy,دباديب,public/assets/instagram/videos/teddy.mp4
wedding,قالب زفاف,public/assets/instagram/videos/wedding.mp4
simple-invide-merrage,دعوة زفاف بسيطة,public/assets/instagram/videos/simple-invide-merrage.mp4
wedding-temp-2,ثريّا,public/assets/instagram/videos/wedding-temp-2.mp4
wedding-temp-ethereal,Ethereal,public/assets/instagram/videos/wedding-temp-ethereal.mp4
wedding-temp-bab,باب الفرح,public/assets/instagram/videos/wedding-temp-bab.mp4
wedding-temp-disney,ديزني,public/assets/instagram/videos/wedding-temp-disney.mp4
wedding-temp-dove,الحمام,public/assets/instagram/videos/wedding-temp-dove.mp4
wedding-temp-garden,الحديقة,public/assets/instagram/videos/wedding-temp-garden.mp4
wedding-temp-laylat-hana,ليلة الحنّة,public/assets/instagram/videos/wedding-temp-laylat-hana.mp4
wedding-temp-qasr,قَصر,public/assets/instagram/videos/wedding-temp-qasr.mp4
wedding-temp-letter,رسالة,public/assets/instagram/videos/wedding-temp-letter.mp4
wedding-temp-reverie,حُلم وردي,public/assets/instagram/videos/wedding-temp-reverie.mp4
wedding-temp-ring,الخاتم,public/assets/instagram/videos/wedding-temp-ring.mp4
wedding-temp-rozana,روزنة,public/assets/instagram/videos/wedding-temp-rozana.mp4
wedding-temp-starlit,تحت النجوم,public/assets/instagram/videos/wedding-temp-starlit.mp4
wedding-temp-dovess,حمام أبيض,public/assets/instagram/videos/wedding-temp-dovess.mp4
wedding-temp-swans,بحيرة البجع,public/assets/instagram/videos/wedding-temp-swans.mp4
wedding-temp-blush,وردة,public/assets/instagram/videos/wedding-temp-blush.mp4
wedding-temp-surprise,المفاجأة,public/assets/instagram/videos/wedding-temp-surprise.mp4
wedding-temp-royal,الملكي,public/assets/instagram/videos/wedding-temp-royal.mp4
wedding-temp-bahira,بحيرة,public/assets/instagram/videos/wedding-temp-bahira.mp4
wedding-temp-storybook,كتاب الحكاية,public/assets/instagram/videos/wedding-temp-storybook.mp4
wedding-temp-vangogh,ليلة النجوم,public/assets/instagram/videos/wedding-temp-vangogh.mp4
wedding-temp-ivory-palace,قصر العاج,public/assets/instagram/videos/wedding-temp-ivory-palace.mp4
wedding-temp-rosegold,وردي ذهبي,public/assets/instagram/videos/wedding-temp-rosegold.mp4
wedding-temp-wisal,وِصال,public/assets/instagram/videos/wedding-temp-wisal.mp4
